﻿{"cameraMode":{"drawMode":0,"name":"Shaded","section":"Shading Mode"},"sceneLighting":true,"audioPlay":false,"sceneViewState":{"showFog":true,"showMaterialUpdate":false,"showSkybox":true,"showFlares":true,"showImageEffects":true,"showParticleSystems":true},"in2DMode":false,"pivot":{"x":-0.033599019050598147,"y":0.9033491611480713,"z":-109.1839828491211},"rotation":{"x":0.038987040519714358,"y":-0.012591831386089325,"z":0.0004913287120871246,"w":0.9991610050201416},"size":4.42894172668457,"orthographic":false}